{
    "auc_score": 0.6277882289707067,
    "params": {
        "bag": 267,
        "lr": 0.038632906360701394,
        "depth": 2,
        "batch": 85,
        "rounds": 34
    },
    "evaluation_cost": 72.06518483161926
}