{
    "auc_score": 1.0,
    "params": {
        "bag": 98,
        "lr": 0.03941798243996576,
        "depth": 2,
        "batch": 50,
        "rounds": 34
    },
    "evaluation_cost": 231.39290690422058
}