{
    "auc_score": 0.9076997041420118,
    "params": {
        "bag": 2,
        "lr": 0.038337160346042114,
        "depth": 2,
        "batch": 62,
        "rounds": 38
    },
    "evaluation_cost": 434.2078483104706
}