{
    "auc_score": 0.8784027777777779,
    "params": {
        "bag": 134,
        "lr": 0.042825605261972745,
        "depth": 2,
        "batch": 50,
        "rounds": 41
    },
    "evaluation_cost": 168.60655045509338
}