{
    "auc_score": 0.6522222222222223,
    "params": {
        "bag": 3,
        "lr": 0.038632906360701394,
        "depth": 2,
        "batch": 70,
        "rounds": 34
    },
    "evaluation_cost": 56.93872261047363
}