{
    "auc_score": 0.9934682234400068,
    "params": {
        "bag": 4,
        "lr": 0.04257417833128574,
        "depth": 2,
        "batch": 71,
        "rounds": 37
    },
    "evaluation_cost": 327.5998101234436
}