{
    "auc_score": 0.7373,
    "params": {
        "bag": 16,
        "lr": 0.04061775610084846,
        "depth": 2,
        "batch": 50,
        "rounds": 30
    },
    "evaluation_cost": 117.5901346206665
}