{
    "auc_score": 0.8718525999803617,
    "params": {
        "bag": 2,
        "lr": 0.04257417833128574,
        "depth": 2,
        "batch": 56,
        "rounds": 37
    },
    "evaluation_cost": 372.77444338798523
}