{
    "auc_score": 0.9626807851239669,
    "params": {
        "bag": 11,
        "lr": 0.042825605261972745,
        "depth": 2,
        "batch": 50,
        "rounds": 41
    },
    "evaluation_cost": 72.6232430934906
}