{
    "auc_score": 0.9906977294748892,
    "params": {
        "bag": 98,
        "lr": 0.03966940937065277,
        "depth": 2,
        "batch": 50,
        "rounds": 38
    },
    "evaluation_cost": 125.39555501937866
}