{
    "auc_score": 0.5248924025518147,
    "params": {
        "bag": 59,
        "lr": 0.03941798243996576,
        "depth": 2,
        "batch": 65,
        "rounds": 34
    },
    "evaluation_cost": 54.00697660446167
}