{
    "auc_score": 0.6528925619834711,
    "params": {
        "bag": 43,
        "lr": 0.04349172977427807,
        "depth": 2,
        "batch": 50,
        "rounds": 41
    },
    "evaluation_cost": 532.5233597755432
}