{
    "auc_score": 0.9930942303408331,
    "params": {
        "bag": 13,
        "lr": 0.038337160346042114,
        "depth": 2,
        "batch": 62,
        "rounds": 38
    },
    "evaluation_cost": 228.15236234664917
}