{
    "auc_score": 0.71322265625,
    "params": {
        "bag": 13,
        "lr": 0.04215948074966742,
        "depth": 2,
        "batch": 56,
        "rounds": 41
    },
    "evaluation_cost": 88.2309582233429
}