{
    "auc_score": 0.6666666666666666,
    "params": {
        "bag": 4,
        "lr": 0.035299916021681185,
        "depth": 2,
        "batch": 50,
        "rounds": 35
    },
    "evaluation_cost": 149.27695727348328
}