{
    "auc_score": 0.9038050624589087,
    "params": {
        "bag": 7,
        "lr": 0.03916655550927876,
        "depth": 2,
        "batch": 77,
        "rounds": 30
    },
    "evaluation_cost": 77.03020286560059
}