{
    "auc_score": 0.7589285714285714,
    "params": {
        "bag": 28,
        "lr": 0.03559566203634046,
        "depth": 2,
        "batch": 56,
        "rounds": 31
    },
    "evaluation_cost": 33.70389652252197
}