{
    "auc_score": 0.9490593112244898,
    "params": {
        "bag": 5,
        "lr": 0.03900328485834744,
        "depth": 2,
        "batch": 50,
        "rounds": 38
    },
    "evaluation_cost": 153.46108651161194
}