{
    "auc_score": 0.9165734693877551,
    "params": {
        "bag": 46,
        "lr": 0.03941798243996576,
        "depth": 2,
        "batch": 65,
        "rounds": 34
    },
    "evaluation_cost": 105.3506531715393
}