{
    "auc_score": 0.8702256944444444,
    "params": {
        "bag": 6,
        "lr": 0.043240302843591066,
        "depth": 2,
        "batch": 59,
        "rounds": 37
    },
    "evaluation_cost": 257.8977589607239
}