{
    "auc_score": 0.7796594442942131,
    "params": {
        "bag": 9,
        "lr": 0.03713249165826453,
        "depth": 2,
        "batch": 50,
        "rounds": 30
    },
    "evaluation_cost": 284.8921847343445
}