{
    "auc_score": 0.9883223494045554,
    "params": {
        "bag": 3,
        "lr": 0.035225283538694405,
        "depth": 2,
        "batch": 91,
        "rounds": 27
    },
    "evaluation_cost": 194.62404322624207
}