{
    "auc_score": 0.9317249314902574,
    "params": {
        "bag": 369,
        "lr": 0.03762972588735468,
        "depth": 2,
        "batch": 98,
        "rounds": 31
    },
    "evaluation_cost": 150.4963607788086
}