{
    "auc_score": 0.7979801516442391,
    "params": {
        "bag": 14,
        "lr": 0.04257417833128574,
        "depth": 2,
        "batch": 56,
        "rounds": 37
    },
    "evaluation_cost": 54.84820294380188
}