{
    "auc_score": 0.9591836734693877,
    "params": {
        "bag": 5,
        "lr": 0.03941798243996576,
        "depth": 2,
        "batch": 65,
        "rounds": 34
    },
    "evaluation_cost": 57.396326780319214
}