{
    "auc_score": 0.9955555555555555,
    "params": {
        "bag": 3,
        "lr": 0.03900328485834744,
        "depth": 2,
        "batch": 50,
        "rounds": 38
    },
    "evaluation_cost": 117.080246925354
}