{
    "auc_score": 0.5811233539371137,
    "params": {
        "bag": 743,
        "lr": 0.03916655550927876,
        "depth": 2,
        "batch": 77,
        "rounds": 30
    },
    "evaluation_cost": 103.29233598709106
}