{
    "auc_score": 0.9824617346938775,
    "params": {
        "bag": 43,
        "lr": 0.03987398996796619,
        "depth": 2,
        "batch": 50,
        "rounds": 37
    },
    "evaluation_cost": 480.8647177219391
}