{
    "auc_score": 0.6049970255800119,
    "params": {
        "bag": 7,
        "lr": 0.03941798243996576,
        "depth": 2,
        "batch": 50,
        "rounds": 34
    },
    "evaluation_cost": 43.835049629211426
}