{
    "auc_score": 0.8046457814168744,
    "params": {
        "bag": 15,
        "lr": 0.04257417833128574,
        "depth": 2,
        "batch": 56,
        "rounds": 37
    },
    "evaluation_cost": 116.8054587841034
}