{
    "auc_score": 0.63427734375,
    "params": {
        "bag": 26,
        "lr": 0.038337160346042114,
        "depth": 2,
        "batch": 62,
        "rounds": 38
    },
    "evaluation_cost": 62.755574226379395
}