{
    "auc_score": 0.9753472222222221,
    "params": {
        "bag": 535,
        "lr": 0.042825605261972745,
        "depth": 2,
        "batch": 50,
        "rounds": 41
    },
    "evaluation_cost": 251.99888825416565
}