{
    "auc_score": 0.8191920666651693,
    "params": {
        "bag": 6,
        "lr": 0.040498804533889404,
        "depth": 2,
        "batch": 53,
        "rounds": 30
    },
    "evaluation_cost": 67.77926754951477
}