{
    "auc_score": 0.8638322321172076,
    "params": {
        "bag": 10,
        "lr": 0.03941798243996576,
        "depth": 2,
        "batch": 65,
        "rounds": 34
    },
    "evaluation_cost": 207.72063517570496
}