{
    "auc_score": 0.8810352327098739,
    "params": {
        "bag": 16,
        "lr": 0.04028868754958451,
        "depth": 2,
        "batch": 50,
        "rounds": 33
    },
    "evaluation_cost": 88.08013820648193
}