{
    "auc_score": 0.814303143093919,
    "params": {
        "bag": 7,
        "lr": 0.04008410695227109,
        "depth": 2,
        "batch": 53,
        "rounds": 34
    },
    "evaluation_cost": 262.407705783844
}