{
    "auc_score": 0.857204861111111,
    "params": {
        "bag": 42,
        "lr": 0.03900328485834744,
        "depth": 2,
        "batch": 50,
        "rounds": 38
    },
    "evaluation_cost": 150.21240997314453
}