{
    "auc_score": 0.8237602751182489,
    "params": {
        "bag": 14,
        "lr": 0.032229349160715584,
        "depth": 2,
        "batch": 53,
        "rounds": 31
    },
    "evaluation_cost": 148.416677236557
}