{
    "auc_score": 1.0,
    "params": {
        "bag": 10,
        "lr": 0.03941798243996576,
        "depth": 2,
        "batch": 50,
        "rounds": 34
    },
    "evaluation_cost": 982.0478477478027
}