{
    "fashion0": 0.8863260000000001,
    "har": 0.9066469498854779,
    "Liver_1": 0.5137912385073012,
    "pima": 0.6386222222222222,
    "breastw": 0.9531347164904743,
    "cover": 0.6349186702533751,
    "steel-plates-fault": 0.6116666666666666,
    "optdigits": 0.9155555555555556,
    "Diabetes_present": 0.6218666666666667,
    "wbc": 0.9727891156462586
}