{
    "dataset": "har",
    "auc_score": 0.9250497973121115,
    "params": {
        "bag": 191,
        "lr": 0.039536934006924804,
        "depth": 2,
        "batch": 57,
        "rounds": 34
    },
    "evaluation_cost": 700.0500061511993
}