{
    "dataset": "breastw",
    "auc_score": 0.9819096613714738,
    "params": {
        "bag": 4,
        "lr": 0.04178910225202137,
        "depth": 2,
        "batch": 76,
        "rounds": 37
    },
    "evaluation_cost": 178.4323205947876
}