{
    "dataset": "pima",
    "auc_score": 0.6957777777777777,
    "params": {
        "bag": 3,
        "lr": 0.044074593033722596,
        "depth": 2,
        "batch": 106,
        "rounds": 41
    },
    "evaluation_cost": 469.7939808368683
}