{
    "dataset": "cover",
    "auc_score": 0.9853211147773611,
    "params": {
        "bag": 3,
        "lr": 0.039536934006924804,
        "depth": 2,
        "batch": 50,
        "rounds": 34
    },
    "evaluation_cost": 9242.72863125801
}