{
    "dataset": "Diabetes_present",
    "auc_score": 0.6892444444444444,
    "params": {
        "bag": 4,
        "lr": 0.038632906360701394,
        "depth": 2,
        "batch": 70,
        "rounds": 34
    },
    "evaluation_cost": 353.4690158367157
}